experiment,variant,frequency
1,arrivalAtSource -> productCallsForTransportRegion1 -> assignedToVehicleRegion1 -> pickedUpRegion1 -> droppedOffRegion2 -> startProcessingRegion2 -> finishedProcessingRegion2 -> productCallsForTransportRegion3 -> assignedToVehicleRegion3 -> pickedUpRegion3 -> droppedOffRegion3,150223
1,arrivalAtSource -> productCallsForTransportRegion1 -> assignedToVehicleRegion1 -> pickedUpRegion1 -> droppedOffRegion2 -> startProcessingRegion2,1028
1,finishedProcessingRegion2 -> productCallsForTransportRegion3 -> assignedToVehicleRegion3 -> pickedUpRegion3 -> droppedOffRegion3,1013
1,droppedOffRegion3,86
1,arrivalAtSource -> productCallsForTransportRegion1 -> assignedToVehicleRegion1 -> pickedUpRegion1,76
1,arrivalAtSource -> productCallsForTransportRegion1 -> assignedToVehicleRegion1 -> pickedUpRegion1 -> droppedOffRegion2 -> startProcessingRegion2 -> finishedProcessingRegion2 -> productCallsForTransportRegion3 -> assignedToVehicleRegion3 -> pickedUpRegion3,71
1,droppedOffRegion2 -> startProcessingRegion2 -> finishedProcessingRegion2 -> productCallsForTransportRegion3 -> assignedToVehicleRegion3 -> pickedUpRegion3 -> droppedOffRegion3,46
1,pickedUpRegion3 -> droppedOffRegion3,46
1,arrivalAtSource -> productCallsForTransportRegion1 -> assignedToVehicleRegion1 -> pickedUpRegion1 -> droppedOffRegion2 -> startProcessingRegion2 -> finishedProcessingRegion2 -> productCallsForTransportRegion3 -> assignedToVehicleRegion3,45
1,assignedToVehicleRegion3 -> pickedUpRegion3 -> droppedOffRegion3,43
1,pickedUpRegion1 -> droppedOffRegion2 -> startProcessingRegion2 -> finishedProcessingRegion2 -> productCallsForTransportRegion3 -> assignedToVehicleRegion3 -> pickedUpRegion3 -> droppedOffRegion3,30
1,arrivalAtSource -> productCallsForTransportRegion1 -> assignedToVehicleRegion1 -> pickedUpRegion1 -> droppedOffRegion2 -> startProcessingRegion2 -> finishedProcessingRegion2 -> productCallsForTransportRegion3,28
1,arrivalAtSource -> productCallsForTransportRegion1 -> assignedToVehicleRegion1,19
1,assignedToVehicleRegion1 -> pickedUpRegion1 -> droppedOffRegion2 -> startProcessingRegion2 -> finishedProcessingRegion2 -> productCallsForTransportRegion3 -> assignedToVehicleRegion3 -> pickedUpRegion3 -> droppedOffRegion3,9
1,arrivalAtSource -> productCallsForTransportRegion1,3
2,arrivalAtSource -> productCallsForTransportRegion1 -> assignedToVehicleRegion1 -> pickedUpRegion1 -> droppedOffRegion2 -> startProcessingRegion2 -> finishedProcessingRegion2 -> productCallsForTransportRegion3 -> assignedToVehicleRegion3 -> pickedUpRegion3 -> droppedOffRegion3,150216
2,arrivalAtSource -> productCallsForTransportRegion1 -> assignedToVehicleRegion1 -> pickedUpRegion1 -> droppedOffRegion2 -> startProcessingRegion2,1044
2,finishedProcessingRegion2 -> productCallsForTransportRegion3 -> assignedToVehicleRegion3 -> pickedUpRegion3 -> droppedOffRegion3,1020
2,arrivalAtSource -> productCallsForTransportRegion1 -> assignedToVehicleRegion1 -> pickedUpRegion1 -> droppedOffRegion2 -> startProcessingRegion2 -> finishedProcessingRegion2 -> productCallsForTransportRegion3 -> assignedToVehicleRegion3 -> pickedUpRegion3,78
2,droppedOffRegion3,70
2,pickedUpRegion3 -> droppedOffRegion3,50
2,arrivalAtSource -> productCallsForTransportRegion1 -> assignedToVehicleRegion1 -> pickedUpRegion1 -> droppedOffRegion2 -> startProcessingRegion2 -> finishedProcessingRegion2 -> productCallsForTransportRegion3 -> assignedToVehicleRegion3,48
2,droppedOffRegion2 -> startProcessingRegion2 -> finishedProcessingRegion2 -> productCallsForTransportRegion3 -> assignedToVehicleRegion3 -> pickedUpRegion3 -> droppedOffRegion3,44
2,arrivalAtSource -> productCallsForTransportRegion1 -> assignedToVehicleRegion1 -> pickedUpRegion1,41
2,assignedToVehicleRegion3 -> pickedUpRegion3 -> droppedOffRegion3,40
2,arrivalAtSource -> productCallsForTransportRegion1 -> assignedToVehicleRegion1 -> pickedUpRegion1 -> droppedOffRegion2 -> startProcessingRegion2 -> finishedProcessingRegion2 -> productCallsForTransportRegion3,30
2,arrivalAtSource -> productCallsForTransportRegion1 -> assignedToVehicleRegion1,27
2,pickedUpRegion1 -> droppedOffRegion2 -> startProcessingRegion2 -> finishedProcessingRegion2 -> productCallsForTransportRegion3 -> assignedToVehicleRegion3 -> pickedUpRegion3 -> droppedOffRegion3,17
2,assignedToVehicleRegion1 -> pickedUpRegion1 -> droppedOffRegion2 -> startProcessingRegion2 -> finishedProcessingRegion2 -> productCallsForTransportRegion3 -> assignedToVehicleRegion3 -> pickedUpRegion3 -> droppedOffRegion3,13
2,arrivalAtSource -> productCallsForTransportRegion1,5
2,arrivalAtSource -> productCallsForTransportRegion1 -> productDisposed,4
3,arrivalAtSource -> productCallsForTransportRegion1 -> assignedToVehicleRegion1 -> pickedUpRegion1 -> droppedOffRegion2 -> startProcessingRegion2 -> finishedProcessingRegion2 -> productCallsForTransportRegion3 -> assignedToVehicleRegion3 -> pickedUpRegion3 -> droppedOffRegion3,150262
3,arrivalAtSource -> productCallsForTransportRegion1 -> assignedToVehicleRegion1 -> pickedUpRegion1 -> droppedOffRegion2 -> startProcessingRegion2,1045
3,finishedProcessingRegion2 -> productCallsForTransportRegion3 -> assignedToVehicleRegion3 -> pickedUpRegion3 -> droppedOffRegion3,1026
3,droppedOffRegion3,79
3,arrivalAtSource -> productCallsForTransportRegion1 -> assignedToVehicleRegion1 -> pickedUpRegion1 -> droppedOffRegion2 -> startProcessingRegion2 -> finishedProcessingRegion2 -> productCallsForTransportRegion3 -> assignedToVehicleRegion3 -> pickedUpRegion3,58
3,arrivalAtSource -> productCallsForTransportRegion1 -> assignedToVehicleRegion1 -> pickedUpRegion1,52
3,droppedOffRegion2 -> startProcessingRegion2 -> finishedProcessingRegion2 -> productCallsForTransportRegion3 -> assignedToVehicleRegion3 -> pickedUpRegion3 -> droppedOffRegion3,39
3,arrivalAtSource -> productCallsForTransportRegion1 -> assignedToVehicleRegion1 -> pickedUpRegion1 -> droppedOffRegion2 -> startProcessingRegion2 -> finishedProcessingRegion2 -> productCallsForTransportRegion3 -> assignedToVehicleRegion3,37
3,assignedToVehicleRegion3 -> pickedUpRegion3 -> droppedOffRegion3,35
3,pickedUpRegion3 -> droppedOffRegion3,33
3,arrivalAtSource -> productCallsForTransportRegion1 -> assignedToVehicleRegion1 -> pickedUpRegion1 -> droppedOffRegion2 -> startProcessingRegion2 -> finishedProcessingRegion2 -> productCallsForTransportRegion3,20
3,arrivalAtSource -> productCallsForTransportRegion1 -> assignedToVehicleRegion1,17
3,pickedUpRegion1 -> droppedOffRegion2 -> startProcessingRegion2 -> finishedProcessingRegion2 -> productCallsForTransportRegion3 -> assignedToVehicleRegion3 -> pickedUpRegion3 -> droppedOffRegion3,16
3,assignedToVehicleRegion1 -> pickedUpRegion1 -> droppedOffRegion2 -> startProcessingRegion2 -> finishedProcessingRegion2 -> productCallsForTransportRegion3 -> assignedToVehicleRegion3 -> pickedUpRegion3 -> droppedOffRegion3,5
3,arrivalAtSource -> productCallsForTransportRegion1,2
4,arrivalAtSource -> productCallsForTransportRegion1 -> assignedToVehicleRegion1 -> pickedUpRegion1 -> droppedOffRegion2 -> startProcessingRegion2 -> finishedProcessingRegion2 -> productCallsForTransportRegion3 -> assignedToVehicleRegion3 -> pickedUpRegion3 -> droppedOffRegion3,144097
4,arrivalAtSource -> productCallsForTransportRegion1 -> assignedToVehicleRegion1 -> pickedUpRegion1 -> droppedOffRegion2 -> startProcessingRegion2 -> finishedProcessingRegion2 -> productCallsForTransportRegion3,6166
4,arrivalAtSource -> productCallsForTransportRegion1 -> assignedToVehicleRegion1 -> pickedUpRegion1 -> droppedOffRegion2 -> startProcessingRegion2,1041
4,finishedProcessingRegion2 -> productCallsForTransportRegion3 -> assignedToVehicleRegion3 -> pickedUpRegion3 -> droppedOffRegion3,1022
4,assignedToVehicleRegion3 -> pickedUpRegion3 -> droppedOffRegion3,1021
4,arrivalAtSource -> productCallsForTransportRegion1 -> assignedToVehicleRegion1 -> pickedUpRegion1 -> droppedOffRegion2 -> startProcessingRegion2 -> finishedProcessingRegion2 -> productCallsForTransportRegion3 -> assignedToVehicleRegion3 -> pickedUpRegion3,63
4,droppedOffRegion3,56
4,pickedUpRegion3 -> droppedOffRegion3,51
4,droppedOffRegion2 -> startProcessingRegion2 -> finishedProcessingRegion2 -> productCallsForTransportRegion3 -> assignedToVehicleRegion3 -> pickedUpRegion3 -> droppedOffRegion3,43
4,arrivalAtSource -> productCallsForTransportRegion1 -> assignedToVehicleRegion1 -> pickedUpRegion1,41
4,arrivalAtSource -> productCallsForTransportRegion1 -> assignedToVehicleRegion1 -> pickedUpRegion1 -> droppedOffRegion2 -> startProcessingRegion2 -> finishedProcessingRegion2 -> productCallsForTransportRegion3 -> assignedToVehicleRegion3,37
4,assignedToVehicleRegion1 -> pickedUpRegion1 -> droppedOffRegion2 -> startProcessingRegion2 -> finishedProcessingRegion2 -> productCallsForTransportRegion3 -> assignedToVehicleRegion3 -> pickedUpRegion3 -> droppedOffRegion3,26
4,arrivalAtSource -> productCallsForTransportRegion1 -> assignedToVehicleRegion1,25
4,pickedUpRegion1 -> droppedOffRegion2 -> startProcessingRegion2 -> finishedProcessingRegion2 -> productCallsForTransportRegion3 -> assignedToVehicleRegion3 -> pickedUpRegion3 -> droppedOffRegion3,18
4,arrivalAtSource -> productCallsForTransportRegion1,16
4,arrivalAtSource -> productCallsForTransportRegion1 -> productDisposed,7
5,arrivalAtSource -> productCallsForTransportRegion1 -> assignedToVehicleRegion1 -> pickedUpRegion1 -> droppedOffRegion2 -> startProcessingRegion2 -> finishedProcessingRegion2 -> productCallsForTransportRegion3 -> assignedToVehicleRegion3 -> pickedUpRegion3 -> droppedOffRegion3,147978
5,arrivalAtSource -> productCallsForTransportRegion1 -> assignedToVehicleRegion1 -> pickedUpRegion1 -> droppedOffRegion2 -> startProcessingRegion2 -> finishedProcessingRegion2 -> productCallsForTransportRegion3,2280
5,arrivalAtSource -> productCallsForTransportRegion1 -> assignedToVehicleRegion1 -> pickedUpRegion1 -> droppedOffRegion2 -> startProcessingRegion2,1047
5,finishedProcessingRegion2 -> productCallsForTransportRegion3 -> assignedToVehicleRegion3 -> pickedUpRegion3 -> droppedOffRegion3,1020
5,assignedToVehicleRegion3 -> pickedUpRegion3 -> droppedOffRegion3,476
5,droppedOffRegion3,75
5,arrivalAtSource -> productCallsForTransportRegion1 -> assignedToVehicleRegion1 -> pickedUpRegion1 -> droppedOffRegion2 -> startProcessingRegion2 -> finishedProcessingRegion2 -> productCallsForTransportRegion3 -> assignedToVehicleRegion3 -> pickedUpRegion3,70
5,arrivalAtSource -> productCallsForTransportRegion1 -> assignedToVehicleRegion1 -> pickedUpRegion1,58
5,pickedUpRegion3 -> droppedOffRegion3,48
5,droppedOffRegion2 -> startProcessingRegion2 -> finishedProcessingRegion2 -> productCallsForTransportRegion3 -> assignedToVehicleRegion3 -> pickedUpRegion3 -> droppedOffRegion3,44
5,arrivalAtSource -> productCallsForTransportRegion1 -> assignedToVehicleRegion1 -> pickedUpRegion1 -> droppedOffRegion2 -> startProcessingRegion2 -> finishedProcessingRegion2 -> productCallsForTransportRegion3 -> assignedToVehicleRegion3,26
5,arrivalAtSource -> productCallsForTransportRegion1 -> assignedToVehicleRegion1,17
5,assignedToVehicleRegion1 -> pickedUpRegion1 -> droppedOffRegion2 -> startProcessingRegion2 -> finishedProcessingRegion2 -> productCallsForTransportRegion3 -> assignedToVehicleRegion3 -> pickedUpRegion3 -> droppedOffRegion3,13
5,pickedUpRegion1 -> droppedOffRegion2 -> startProcessingRegion2 -> finishedProcessingRegion2 -> productCallsForTransportRegion3 -> assignedToVehicleRegion3 -> pickedUpRegion3 -> droppedOffRegion3,12
5,arrivalAtSource -> productCallsForTransportRegion1,9
5,arrivalAtSource -> productCallsForTransportRegion1 -> productDisposed,8
6,arrivalAtSource -> productCallsForTransportRegion1 -> assignedToVehicleRegion1 -> pickedUpRegion1 -> droppedOffRegion2 -> startProcessingRegion2 -> finishedProcessingRegion2 -> productCallsForTransportRegion3 -> assignedToVehicleRegion3 -> pickedUpRegion3 -> droppedOffRegion3,145133
6,arrivalAtSource -> productCallsForTransportRegion1 -> assignedToVehicleRegion1 -> pickedUpRegion1 -> droppedOffRegion2 -> startProcessingRegion2 -> finishedProcessingRegion2 -> productCallsForTransportRegion3,4646
6,arrivalAtSource -> productCallsForTransportRegion1 -> assignedToVehicleRegion1 -> pickedUpRegion1 -> droppedOffRegion2 -> startProcessingRegion2,1042
6,finishedProcessingRegion2 -> productCallsForTransportRegion3 -> assignedToVehicleRegion3 -> pickedUpRegion3 -> droppedOffRegion3,992
6,arrivalAtSource -> productCallsForTransportRegion1 -> productDisposed,492
6,assignedToVehicleRegion3 -> pickedUpRegion3 -> droppedOffRegion3,94
6,droppedOffRegion3,74
6,arrivalAtSource -> productCallsForTransportRegion1 -> assignedToVehicleRegion1 -> pickedUpRegion1 -> droppedOffRegion2 -> startProcessingRegion2 -> finishedProcessingRegion2 -> productCallsForTransportRegion3 -> assignedToVehicleRegion3 -> pickedUpRegion3,65
6,pickedUpRegion3 -> droppedOffRegion3,49
6,arrivalAtSource -> productCallsForTransportRegion1 -> assignedToVehicleRegion1 -> pickedUpRegion1 -> droppedOffRegion2 -> startProcessingRegion2 -> finishedProcessingRegion2 -> productCallsForTransportRegion3 -> assignedToVehicleRegion3,41
6,droppedOffRegion2 -> startProcessingRegion2 -> finishedProcessingRegion2 -> productCallsForTransportRegion3 -> assignedToVehicleRegion3 -> pickedUpRegion3 -> droppedOffRegion3,41
6,arrivalAtSource -> productCallsForTransportRegion1 -> assignedToVehicleRegion1 -> pickedUpRegion1,39
6,arrivalAtSource -> productCallsForTransportRegion1 -> assignedToVehicleRegion1,23
6,finishedProcessingRegion2 -> productCallsForTransportRegion3,18
6,pickedUpRegion1 -> droppedOffRegion2 -> startProcessingRegion2 -> finishedProcessingRegion2 -> productCallsForTransportRegion3 -> assignedToVehicleRegion3 -> pickedUpRegion3 -> droppedOffRegion3,13
6,arrivalAtSource -> productCallsForTransportRegion1,12
6,assignedToVehicleRegion1 -> pickedUpRegion1 -> droppedOffRegion2 -> startProcessingRegion2 -> finishedProcessingRegion2 -> productCallsForTransportRegion3 -> assignedToVehicleRegion3 -> pickedUpRegion3 -> droppedOffRegion3,11
6,productDisposed,8
6,droppedOffRegion2 -> startProcessingRegion2 -> finishedProcessingRegion2 -> productCallsForTransportRegion3,2
6,pickedUpRegion1 -> droppedOffRegion2 -> startProcessingRegion2 -> finishedProcessingRegion2 -> productCallsForTransportRegion3,1
7,arrivalAtSource -> productCallsForTransportRegion1 -> assignedToVehicleRegion1 -> pickedUpRegion1 -> droppedOffRegion2 -> startProcessingRegion2 -> finishedProcessingRegion2 -> productCallsForTransportRegion3 -> assignedToVehicleRegion3 -> pickedUpRegion3 -> droppedOffRegion3,148581
7,arrivalAtSource -> productCallsForTransportRegion1 -> assignedToVehicleRegion1 -> pickedUpRegion1 -> droppedOffRegion2 -> startProcessingRegion2 -> finishedProcessingRegion2 -> productCallsForTransportRegion3,1443
7,arrivalAtSource -> productCallsForTransportRegion1 -> assignedToVehicleRegion1 -> pickedUpRegion1 -> droppedOffRegion2 -> startProcessingRegion2,1051
7,finishedProcessingRegion2 -> productCallsForTransportRegion3 -> assignedToVehicleRegion3 -> pickedUpRegion3 -> droppedOffRegion3,1008
7,arrivalAtSource -> productCallsForTransportRegion1 -> productDisposed,243
7,assignedToVehicleRegion3 -> pickedUpRegion3 -> droppedOffRegion3,182
7,droppedOffRegion3,71
7,arrivalAtSource -> productCallsForTransportRegion1 -> assignedToVehicleRegion1 -> pickedUpRegion1 -> droppedOffRegion2 -> startProcessingRegion2 -> finishedProcessingRegion2 -> productCallsForTransportRegion3 -> assignedToVehicleRegion3 -> pickedUpRegion3,65
7,arrivalAtSource -> productCallsForTransportRegion1 -> assignedToVehicleRegion1 -> pickedUpRegion1,51
7,pickedUpRegion3 -> droppedOffRegion3,47
7,droppedOffRegion2 -> startProcessingRegion2 -> finishedProcessingRegion2 -> productCallsForTransportRegion3 -> assignedToVehicleRegion3 -> pickedUpRegion3 -> droppedOffRegion3,39
7,arrivalAtSource -> productCallsForTransportRegion1 -> assignedToVehicleRegion1 -> pickedUpRegion1 -> droppedOffRegion2 -> startProcessingRegion2 -> finishedProcessingRegion2 -> productCallsForTransportRegion3 -> assignedToVehicleRegion3,36
7,pickedUpRegion1 -> droppedOffRegion2 -> startProcessingRegion2 -> finishedProcessingRegion2 -> productCallsForTransportRegion3 -> assignedToVehicleRegion3 -> pickedUpRegion3 -> droppedOffRegion3,22
7,arrivalAtSource -> productCallsForTransportRegion1 -> assignedToVehicleRegion1,14
7,arrivalAtSource -> productCallsForTransportRegion1,9
7,finishedProcessingRegion2 -> productCallsForTransportRegion3,8
7,assignedToVehicleRegion1 -> pickedUpRegion1 -> droppedOffRegion2 -> startProcessingRegion2 -> finishedProcessingRegion2 -> productCallsForTransportRegion3 -> assignedToVehicleRegion3 -> pickedUpRegion3 -> droppedOffRegion3,4
7,pickedUpRegion1 -> droppedOffRegion2 -> startProcessingRegion2 -> finishedProcessingRegion2 -> productCallsForTransportRegion3,1
7,productDisposed,1
8,arrivalAtSource -> productCallsForTransportRegion1 -> assignedToVehicleRegion1 -> pickedUpRegion1 -> droppedOffRegion2 -> startProcessingRegion2 -> finishedProcessingRegion2 -> productCallsForTransportRegion3 -> assignedToVehicleRegion3 -> pickedUpRegion3 -> droppedOffRegion3,148129
8,arrivalAtSource -> productCallsForTransportRegion1 -> assignedToVehicleRegion1 -> pickedUpRegion1 -> droppedOffRegion2 -> startProcessingRegion2 -> finishedProcessingRegion2 -> productCallsForTransportRegion3,2102
8,arrivalAtSource -> productCallsForTransportRegion1 -> assignedToVehicleRegion1 -> pickedUpRegion1 -> droppedOffRegion2 -> startProcessingRegion2,1038
8,finishedProcessingRegion2 -> productCallsForTransportRegion3 -> assignedToVehicleRegion3 -> pickedUpRegion3 -> droppedOffRegion3,1002
8,assignedToVehicleRegion3 -> pickedUpRegion3 -> droppedOffRegion3,418
8,arrivalAtSource -> productCallsForTransportRegion1 -> assignedToVehicleRegion1 -> pickedUpRegion1 -> droppedOffRegion2 -> startProcessingRegion2 -> finishedProcessingRegion2 -> productCallsForTransportRegion3 -> assignedToVehicleRegion3 -> pickedUpRegion3,74
8,droppedOffRegion3,72
8,droppedOffRegion2 -> startProcessingRegion2 -> finishedProcessingRegion2 -> productCallsForTransportRegion3 -> assignedToVehicleRegion3 -> pickedUpRegion3 -> droppedOffRegion3,64
8,arrivalAtSource -> productCallsForTransportRegion1 -> assignedToVehicleRegion1 -> pickedUpRegion1,57
8,arrivalAtSource -> productCallsForTransportRegion1 -> assignedToVehicleRegion1 -> pickedUpRegion1 -> droppedOffRegion2 -> startProcessingRegion2 -> finishedProcessingRegion2 -> productCallsForTransportRegion3 -> assignedToVehicleRegion3,53
8,pickedUpRegion3 -> droppedOffRegion3,52
8,pickedUpRegion1 -> droppedOffRegion2 -> startProcessingRegion2 -> finishedProcessingRegion2 -> productCallsForTransportRegion3 -> assignedToVehicleRegion3 -> pickedUpRegion3 -> droppedOffRegion3,29
8,arrivalAtSource -> productCallsForTransportRegion1 -> assignedToVehicleRegion1,26
8,assignedToVehicleRegion1 -> pickedUpRegion1 -> droppedOffRegion2 -> startProcessingRegion2 -> finishedProcessingRegion2 -> productCallsForTransportRegion3 -> assignedToVehicleRegion3 -> pickedUpRegion3 -> droppedOffRegion3,17
8,arrivalAtSource -> productCallsForTransportRegion1,11
8,arrivalAtSource -> productCallsForTransportRegion1 -> productDisposed,3
9,arrivalAtSource -> productCallsForTransportRegion1 -> assignedToVehicleRegion1 -> pickedUpRegion1 -> droppedOffRegion2 -> startProcessingRegion2 -> finishedProcessingRegion2 -> productCallsForTransportRegion3 -> assignedToVehicleRegion3 -> pickedUpRegion3 -> droppedOffRegion3,148294
9,arrivalAtSource -> productCallsForTransportRegion1 -> assignedToVehicleRegion1 -> pickedUpRegion1 -> droppedOffRegion2 -> startProcessingRegion2 -> finishedProcessingRegion2 -> productCallsForTransportRegion3,1649
9,arrivalAtSource -> productCallsForTransportRegion1 -> assignedToVehicleRegion1 -> pickedUpRegion1 -> droppedOffRegion2 -> startProcessingRegion2,1027
9,finishedProcessingRegion2 -> productCallsForTransportRegion3 -> assignedToVehicleRegion3 -> pickedUpRegion3 -> droppedOffRegion3,1007
9,arrivalAtSource -> productCallsForTransportRegion1 -> productDisposed,290
9,assignedToVehicleRegion3 -> pickedUpRegion3 -> droppedOffRegion3,197
9,droppedOffRegion3,85
9,arrivalAtSource -> productCallsForTransportRegion1 -> assignedToVehicleRegion1 -> pickedUpRegion1 -> droppedOffRegion2 -> startProcessingRegion2 -> finishedProcessingRegion2 -> productCallsForTransportRegion3 -> assignedToVehicleRegion3 -> pickedUpRegion3,73
9,arrivalAtSource -> productCallsForTransportRegion1 -> assignedToVehicleRegion1 -> pickedUpRegion1,65
9,droppedOffRegion2 -> startProcessingRegion2 -> finishedProcessingRegion2 -> productCallsForTransportRegion3 -> assignedToVehicleRegion3 -> pickedUpRegion3 -> droppedOffRegion3,63
9,arrivalAtSource -> productCallsForTransportRegion1 -> assignedToVehicleRegion1 -> pickedUpRegion1 -> droppedOffRegion2 -> startProcessingRegion2 -> finishedProcessingRegion2 -> productCallsForTransportRegion3 -> assignedToVehicleRegion3,51
9,pickedUpRegion3 -> droppedOffRegion3,46
9,arrivalAtSource -> productCallsForTransportRegion1 -> assignedToVehicleRegion1,29
9,pickedUpRegion1 -> droppedOffRegion2 -> startProcessingRegion2 -> finishedProcessingRegion2 -> productCallsForTransportRegion3 -> assignedToVehicleRegion3 -> pickedUpRegion3 -> droppedOffRegion3,26
9,arrivalAtSource -> productCallsForTransportRegion1,15
9,productDisposed,5
9,assignedToVehicleRegion1 -> pickedUpRegion1 -> droppedOffRegion2 -> startProcessingRegion2 -> finishedProcessingRegion2 -> productCallsForTransportRegion3 -> assignedToVehicleRegion3 -> pickedUpRegion3 -> droppedOffRegion3,3
9,finishedProcessingRegion2 -> productCallsForTransportRegion3,1
10,arrivalAtSource -> productCallsForTransportRegion1 -> assignedToVehicleRegion1 -> pickedUpRegion1 -> droppedOffRegion2 -> startProcessingRegion2 -> finishedProcessingRegion2 -> productCallsForTransportRegion3 -> assignedToVehicleRegion3 -> pickedUpRegion3 -> droppedOffRegion3,150238
10,arrivalAtSource -> productCallsForTransportRegion1 -> assignedToVehicleRegion1 -> pickedUpRegion1 -> droppedOffRegion2 -> startProcessingRegion2,1028
10,finishedProcessingRegion2 -> productCallsForTransportRegion3 -> assignedToVehicleRegion3 -> pickedUpRegion3 -> droppedOffRegion3,988
10,arrivalAtSource -> productCallsForTransportRegion1 -> assignedToVehicleRegion1 -> pickedUpRegion1 -> droppedOffRegion2 -> startProcessingRegion2 -> finishedProcessingRegion2 -> productCallsForTransportRegion3 -> assignedToVehicleRegion3 -> pickedUpRegion3,88
10,droppedOffRegion3,85
10,arrivalAtSource -> productCallsForTransportRegion1 -> assignedToVehicleRegion1 -> pickedUpRegion1,81
10,droppedOffRegion2 -> startProcessingRegion2 -> finishedProcessingRegion2 -> productCallsForTransportRegion3 -> assignedToVehicleRegion3 -> pickedUpRegion3 -> droppedOffRegion3,72
10,pickedUpRegion3 -> droppedOffRegion3,68
10,pickedUpRegion1 -> droppedOffRegion2 -> startProcessingRegion2 -> finishedProcessingRegion2 -> productCallsForTransportRegion3 -> assignedToVehicleRegion3 -> pickedUpRegion3 -> droppedOffRegion3,33
10,arrivalAtSource -> productCallsForTransportRegion1 -> assignedToVehicleRegion1 -> pickedUpRegion1 -> droppedOffRegion2 -> startProcessingRegion2 -> finishedProcessingRegion2 -> productCallsForTransportRegion3 -> assignedToVehicleRegion3,29
10,arrivalAtSource -> productCallsForTransportRegion1 -> assignedToVehicleRegion1,23
10,assignedToVehicleRegion3 -> pickedUpRegion3 -> droppedOffRegion3,13
10,arrivalAtSource -> productCallsForTransportRegion1 -> assignedToVehicleRegion1 -> pickedUpRegion1 -> droppedOffRegion2 -> startProcessingRegion2 -> finishedProcessingRegion2 -> productCallsForTransportRegion3,6
11,arrivalAtSource -> productCallsForTransportRegion1 -> assignedToVehicleRegion1 -> pickedUpRegion1 -> droppedOffRegion2 -> startProcessingRegion2 -> finishedProcessingRegion2 -> productCallsForTransportRegion3 -> assignedToVehicleRegion3 -> pickedUpRegion3 -> droppedOffRegion3,150292
11,arrivalAtSource -> productCallsForTransportRegion1 -> assignedToVehicleRegion1 -> pickedUpRegion1 -> droppedOffRegion2 -> startProcessingRegion2,1034
11,finishedProcessingRegion2 -> productCallsForTransportRegion3 -> assignedToVehicleRegion3 -> pickedUpRegion3 -> droppedOffRegion3,1002
11,arrivalAtSource -> productCallsForTransportRegion1 -> assignedToVehicleRegion1 -> pickedUpRegion1 -> droppedOffRegion2 -> startProcessingRegion2 -> finishedProcessingRegion2 -> productCallsForTransportRegion3 -> assignedToVehicleRegion3 -> pickedUpRegion3,71
11,droppedOffRegion3,69
11,droppedOffRegion2 -> startProcessingRegion2 -> finishedProcessingRegion2 -> productCallsForTransportRegion3 -> assignedToVehicleRegion3 -> pickedUpRegion3 -> droppedOffRegion3,59
11,arrivalAtSource -> productCallsForTransportRegion1 -> assignedToVehicleRegion1 -> pickedUpRegion1,49
11,pickedUpRegion3 -> droppedOffRegion3,46
11,arrivalAtSource -> productCallsForTransportRegion1 -> assignedToVehicleRegion1 -> pickedUpRegion1 -> droppedOffRegion2 -> startProcessingRegion2 -> finishedProcessingRegion2 -> productCallsForTransportRegion3 -> assignedToVehicleRegion3,29
11,arrivalAtSource -> productCallsForTransportRegion1 -> assignedToVehicleRegion1,14
11,pickedUpRegion1 -> droppedOffRegion2 -> startProcessingRegion2 -> finishedProcessingRegion2 -> productCallsForTransportRegion3 -> assignedToVehicleRegion3 -> pickedUpRegion3 -> droppedOffRegion3,9
11,assignedToVehicleRegion3 -> pickedUpRegion3 -> droppedOffRegion3,5
11,arrivalAtSource -> productCallsForTransportRegion1 -> assignedToVehicleRegion1 -> pickedUpRegion1 -> droppedOffRegion2 -> startProcessingRegion2 -> finishedProcessingRegion2 -> productCallsForTransportRegion3,4
11,assignedToVehicleRegion1 -> pickedUpRegion1 -> droppedOffRegion2 -> startProcessingRegion2 -> finishedProcessingRegion2 -> productCallsForTransportRegion3 -> assignedToVehicleRegion3 -> pickedUpRegion3 -> droppedOffRegion3,2
12,arrivalAtSource -> productCallsForTransportRegion1 -> assignedToVehicleRegion1 -> pickedUpRegion1 -> droppedOffRegion2 -> startProcessingRegion2 -> finishedProcessingRegion2 -> productCallsForTransportRegion3 -> assignedToVehicleRegion3 -> pickedUpRegion3 -> droppedOffRegion3,150292
12,arrivalAtSource -> productCallsForTransportRegion1 -> assignedToVehicleRegion1 -> pickedUpRegion1 -> droppedOffRegion2 -> startProcessingRegion2,1032
12,finishedProcessingRegion2 -> productCallsForTransportRegion3 -> assignedToVehicleRegion3 -> pickedUpRegion3 -> droppedOffRegion3,1003
12,droppedOffRegion3,103
12,arrivalAtSource -> productCallsForTransportRegion1 -> assignedToVehicleRegion1 -> pickedUpRegion1 -> droppedOffRegion2 -> startProcessingRegion2 -> finishedProcessingRegion2 -> productCallsForTransportRegion3 -> assignedToVehicleRegion3 -> pickedUpRegion3,82
12,arrivalAtSource -> productCallsForTransportRegion1 -> assignedToVehicleRegion1 -> pickedUpRegion1,60
12,droppedOffRegion2 -> startProcessingRegion2 -> finishedProcessingRegion2 -> productCallsForTransportRegion3 -> assignedToVehicleRegion3 -> pickedUpRegion3 -> droppedOffRegion3,55
12,arrivalAtSource -> productCallsForTransportRegion1 -> assignedToVehicleRegion1 -> pickedUpRegion1 -> droppedOffRegion2 -> startProcessingRegion2 -> finishedProcessingRegion2 -> productCallsForTransportRegion3 -> assignedToVehicleRegion3,16
12,pickedUpRegion3 -> droppedOffRegion3,15
12,assignedToVehicleRegion3 -> pickedUpRegion3 -> droppedOffRegion3,12
12,pickedUpRegion1 -> droppedOffRegion2 -> startProcessingRegion2 -> finishedProcessingRegion2 -> productCallsForTransportRegion3 -> assignedToVehicleRegion3 -> pickedUpRegion3 -> droppedOffRegion3,7
12,arrivalAtSource -> productCallsForTransportRegion1 -> assignedToVehicleRegion1 -> pickedUpRegion1 -> droppedOffRegion2 -> startProcessingRegion2 -> finishedProcessingRegion2 -> productCallsForTransportRegion3,5
12,arrivalAtSource -> productCallsForTransportRegion1 -> assignedToVehicleRegion1,5
12,assignedToVehicleRegion1 -> pickedUpRegion1 -> droppedOffRegion2 -> startProcessingRegion2 -> finishedProcessingRegion2 -> productCallsForTransportRegion3 -> assignedToVehicleRegion3 -> pickedUpRegion3 -> droppedOffRegion3,1
12,arrivalAtSource -> productCallsForTransportRegion1,1
13,arrivalAtSource -> productCallsForTransportRegion1 -> assignedToVehicleRegion1 -> pickedUpRegion1 -> droppedOffRegion2 -> startProcessingRegion2 -> finishedProcessingRegion2 -> productCallsForTransportRegion3 -> assignedToVehicleRegion3 -> pickedUpRegion3 -> droppedOffRegion3,150284
13,arrivalAtSource -> productCallsForTransportRegion1 -> assignedToVehicleRegion1 -> pickedUpRegion1 -> droppedOffRegion2 -> startProcessingRegion2,1044
13,finishedProcessingRegion2 -> productCallsForTransportRegion3 -> assignedToVehicleRegion3 -> pickedUpRegion3 -> droppedOffRegion3,1009
13,droppedOffRegion3,82
13,arrivalAtSource -> productCallsForTransportRegion1 -> assignedToVehicleRegion1 -> pickedUpRegion1 -> droppedOffRegion2 -> startProcessingRegion2 -> finishedProcessingRegion2 -> productCallsForTransportRegion3 -> assignedToVehicleRegion3 -> pickedUpRegion3,59
13,droppedOffRegion2 -> startProcessingRegion2 -> finishedProcessingRegion2 -> productCallsForTransportRegion3 -> assignedToVehicleRegion3 -> pickedUpRegion3 -> droppedOffRegion3,51
13,arrivalAtSource -> productCallsForTransportRegion1 -> assignedToVehicleRegion1 -> pickedUpRegion1,50
13,pickedUpRegion3 -> droppedOffRegion3,45
13,arrivalAtSource -> productCallsForTransportRegion1 -> assignedToVehicleRegion1 -> pickedUpRegion1 -> droppedOffRegion2 -> startProcessingRegion2 -> finishedProcessingRegion2 -> productCallsForTransportRegion3 -> assignedToVehicleRegion3,32
13,arrivalAtSource -> productCallsForTransportRegion1 -> assignedToVehicleRegion1,12
13,arrivalAtSource -> productCallsForTransportRegion1 -> assignedToVehicleRegion1 -> pickedUpRegion1 -> droppedOffRegion2 -> startProcessingRegion2 -> finishedProcessingRegion2 -> productCallsForTransportRegion3,10
13,pickedUpRegion1 -> droppedOffRegion2 -> startProcessingRegion2 -> finishedProcessingRegion2 -> productCallsForTransportRegion3 -> assignedToVehicleRegion3 -> pickedUpRegion3 -> droppedOffRegion3,8
13,assignedToVehicleRegion3 -> pickedUpRegion3 -> droppedOffRegion3,4
13,assignedToVehicleRegion1 -> pickedUpRegion1 -> droppedOffRegion2 -> startProcessingRegion2 -> finishedProcessingRegion2 -> productCallsForTransportRegion3 -> assignedToVehicleRegion3 -> pickedUpRegion3 -> droppedOffRegion3,2
13,arrivalAtSource -> productCallsForTransportRegion1,2
14,arrivalAtSource -> productCallsForTransportRegion1 -> assignedToVehicleRegion1 -> pickedUpRegion1 -> droppedOffRegion2 -> startProcessingRegion2 -> finishedProcessingRegion2 -> productCallsForTransportRegion3 -> assignedToVehicleRegion3 -> pickedUpRegion3 -> droppedOffRegion3,150297
14,arrivalAtSource -> productCallsForTransportRegion1 -> assignedToVehicleRegion1 -> pickedUpRegion1 -> droppedOffRegion2 -> startProcessingRegion2,1039
14,finishedProcessingRegion2 -> productCallsForTransportRegion3 -> assignedToVehicleRegion3 -> pickedUpRegion3 -> droppedOffRegion3,1003
14,droppedOffRegion3,87
14,arrivalAtSource -> productCallsForTransportRegion1 -> assignedToVehicleRegion1 -> pickedUpRegion1,62
14,arrivalAtSource -> productCallsForTransportRegion1 -> assignedToVehicleRegion1 -> pickedUpRegion1 -> droppedOffRegion2 -> startProcessingRegion2 -> finishedProcessingRegion2 -> productCallsForTransportRegion3 -> assignedToVehicleRegion3 -> pickedUpRegion3,58
14,droppedOffRegion2 -> startProcessingRegion2 -> finishedProcessingRegion2 -> productCallsForTransportRegion3 -> assignedToVehicleRegion3 -> pickedUpRegion3 -> droppedOffRegion3,54
14,arrivalAtSource -> productCallsForTransportRegion1 -> assignedToVehicleRegion1 -> pickedUpRegion1 -> droppedOffRegion2 -> startProcessingRegion2 -> finishedProcessingRegion2 -> productCallsForTransportRegion3 -> assignedToVehicleRegion3,24
14,pickedUpRegion3 -> droppedOffRegion3,23
14,pickedUpRegion1 -> droppedOffRegion2 -> startProcessingRegion2 -> finishedProcessingRegion2 -> productCallsForTransportRegion3 -> assignedToVehicleRegion3 -> pickedUpRegion3 -> droppedOffRegion3,9
14,arrivalAtSource -> productCallsForTransportRegion1 -> assignedToVehicleRegion1 -> pickedUpRegion1 -> droppedOffRegion2 -> startProcessingRegion2 -> finishedProcessingRegion2 -> productCallsForTransportRegion3,8
14,assignedToVehicleRegion3 -> pickedUpRegion3 -> droppedOffRegion3,6
14,arrivalAtSource -> productCallsForTransportRegion1 -> assignedToVehicleRegion1,4
14,assignedToVehicleRegion1 -> pickedUpRegion1 -> droppedOffRegion2 -> startProcessingRegion2 -> finishedProcessingRegion2 -> productCallsForTransportRegion3 -> assignedToVehicleRegion3 -> pickedUpRegion3 -> droppedOffRegion3,3
14,arrivalAtSource -> productCallsForTransportRegion1,1
15,arrivalAtSource -> productCallsForTransportRegion1 -> assignedToVehicleRegion1 -> pickedUpRegion1 -> droppedOffRegion2 -> startProcessingRegion2 -> finishedProcessingRegion2 -> productCallsForTransportRegion3 -> assignedToVehicleRegion3 -> pickedUpRegion3 -> droppedOffRegion3,150285
15,arrivalAtSource -> productCallsForTransportRegion1 -> assignedToVehicleRegion1 -> pickedUpRegion1 -> droppedOffRegion2 -> startProcessingRegion2,1035
15,finishedProcessingRegion2 -> productCallsForTransportRegion3 -> assignedToVehicleRegion3 -> pickedUpRegion3 -> droppedOffRegion3,1009
15,arrivalAtSource -> productCallsForTransportRegion1 -> assignedToVehicleRegion1 -> pickedUpRegion1 -> droppedOffRegion2 -> startProcessingRegion2 -> finishedProcessingRegion2 -> productCallsForTransportRegion3 -> assignedToVehicleRegion3 -> pickedUpRegion3,64
15,droppedOffRegion3,59
15,pickedUpRegion3 -> droppedOffRegion3,53
15,droppedOffRegion2 -> startProcessingRegion2 -> finishedProcessingRegion2 -> productCallsForTransportRegion3 -> assignedToVehicleRegion3 -> pickedUpRegion3 -> droppedOffRegion3,47
15,arrivalAtSource -> productCallsForTransportRegion1 -> assignedToVehicleRegion1 -> pickedUpRegion1,45
15,arrivalAtSource -> productCallsForTransportRegion1 -> assignedToVehicleRegion1 -> pickedUpRegion1 -> droppedOffRegion2 -> startProcessingRegion2 -> finishedProcessingRegion2 -> productCallsForTransportRegion3 -> assignedToVehicleRegion3,31
15,arrivalAtSource -> productCallsForTransportRegion1 -> assignedToVehicleRegion1,19
15,arrivalAtSource -> productCallsForTransportRegion1 -> assignedToVehicleRegion1 -> pickedUpRegion1 -> droppedOffRegion2 -> startProcessingRegion2 -> finishedProcessingRegion2 -> productCallsForTransportRegion3,14
15,pickedUpRegion1 -> droppedOffRegion2 -> startProcessingRegion2 -> finishedProcessingRegion2 -> productCallsForTransportRegion3 -> assignedToVehicleRegion3 -> pickedUpRegion3 -> droppedOffRegion3,10
15,assignedToVehicleRegion3 -> pickedUpRegion3 -> droppedOffRegion3,6
15,assignedToVehicleRegion1 -> pickedUpRegion1 -> droppedOffRegion2 -> startProcessingRegion2 -> finishedProcessingRegion2 -> productCallsForTransportRegion3 -> assignedToVehicleRegion3 -> pickedUpRegion3 -> droppedOffRegion3,1
16,arrivalAtSource -> productCallsForTransportRegion1 -> assignedToVehicleRegion1 -> pickedUpRegion1 -> droppedOffRegion2 -> startProcessingRegion2 -> finishedProcessingRegion2 -> productCallsForTransportRegion3 -> assignedToVehicleRegion3 -> pickedUpRegion3 -> droppedOffRegion3,150286
16,arrivalAtSource -> productCallsForTransportRegion1 -> assignedToVehicleRegion1 -> pickedUpRegion1 -> droppedOffRegion2 -> startProcessingRegion2,1034
16,finishedProcessingRegion2 -> productCallsForTransportRegion3 -> assignedToVehicleRegion3 -> pickedUpRegion3 -> droppedOffRegion3,1021
16,droppedOffRegion3,91
16,arrivalAtSource -> productCallsForTransportRegion1 -> assignedToVehicleRegion1 -> pickedUpRegion1 -> droppedOffRegion2 -> startProcessingRegion2 -> finishedProcessingRegion2 -> productCallsForTransportRegion3 -> assignedToVehicleRegion3 -> pickedUpRegion3,74
16,arrivalAtSource -> productCallsForTransportRegion1 -> assignedToVehicleRegion1 -> pickedUpRegion1,55
16,droppedOffRegion2 -> startProcessingRegion2 -> finishedProcessingRegion2 -> productCallsForTransportRegion3 -> assignedToVehicleRegion3 -> pickedUpRegion3 -> droppedOffRegion3,48
16,arrivalAtSource -> productCallsForTransportRegion1 -> assignedToVehicleRegion1 -> pickedUpRegion1 -> droppedOffRegion2 -> startProcessingRegion2 -> finishedProcessingRegion2 -> productCallsForTransportRegion3 -> assignedToVehicleRegion3,25
16,pickedUpRegion3 -> droppedOffRegion3,19
16,pickedUpRegion1 -> droppedOffRegion2 -> startProcessingRegion2 -> finishedProcessingRegion2 -> productCallsForTransportRegion3 -> assignedToVehicleRegion3 -> pickedUpRegion3 -> droppedOffRegion3,11
16,arrivalAtSource -> productCallsForTransportRegion1 -> assignedToVehicleRegion1 -> pickedUpRegion1 -> droppedOffRegion2 -> startProcessingRegion2 -> finishedProcessingRegion2 -> productCallsForTransportRegion3,10
16,arrivalAtSource -> productCallsForTransportRegion1 -> assignedToVehicleRegion1,9
16,assignedToVehicleRegion3 -> pickedUpRegion3 -> droppedOffRegion3,3
17,arrivalAtSource -> productCallsForTransportRegion1 -> assignedToVehicleRegion1 -> pickedUpRegion1 -> droppedOffRegion2 -> startProcessingRegion2 -> finishedProcessingRegion2 -> productCallsForTransportRegion3 -> assignedToVehicleRegion3 -> pickedUpRegion3 -> droppedOffRegion3,150238
17,arrivalAtSource -> productCallsForTransportRegion1 -> assignedToVehicleRegion1 -> pickedUpRegion1 -> droppedOffRegion2 -> startProcessingRegion2,1023
17,finishedProcessingRegion2 -> productCallsForTransportRegion3 -> assignedToVehicleRegion3 -> pickedUpRegion3 -> droppedOffRegion3,1015
17,droppedOffRegion3,94
17,arrivalAtSource -> productCallsForTransportRegion1 -> assignedToVehicleRegion1 -> pickedUpRegion1,73
17,arrivalAtSource -> productCallsForTransportRegion1 -> assignedToVehicleRegion1 -> pickedUpRegion1 -> droppedOffRegion2 -> startProcessingRegion2 -> finishedProcessingRegion2 -> productCallsForTransportRegion3 -> assignedToVehicleRegion3 -> pickedUpRegion3,71
17,droppedOffRegion2 -> startProcessingRegion2 -> finishedProcessingRegion2 -> productCallsForTransportRegion3 -> assignedToVehicleRegion3 -> pickedUpRegion3 -> droppedOffRegion3,62
17,arrivalAtSource -> productCallsForTransportRegion1 -> assignedToVehicleRegion1 -> pickedUpRegion1 -> droppedOffRegion2 -> startProcessingRegion2 -> finishedProcessingRegion2 -> productCallsForTransportRegion3 -> assignedToVehicleRegion3,51
17,pickedUpRegion3 -> droppedOffRegion3,46
17,pickedUpRegion1 -> droppedOffRegion2 -> startProcessingRegion2 -> finishedProcessingRegion2 -> productCallsForTransportRegion3 -> assignedToVehicleRegion3 -> pickedUpRegion3 -> droppedOffRegion3,32
17,arrivalAtSource -> productCallsForTransportRegion1 -> assignedToVehicleRegion1,29
17,assignedToVehicleRegion3 -> pickedUpRegion3 -> droppedOffRegion3,11
17,arrivalAtSource -> productCallsForTransportRegion1 -> assignedToVehicleRegion1 -> pickedUpRegion1 -> droppedOffRegion2 -> startProcessingRegion2 -> finishedProcessingRegion2 -> productCallsForTransportRegion3,8
17,assignedToVehicleRegion1 -> pickedUpRegion1 -> droppedOffRegion2 -> startProcessingRegion2 -> finishedProcessingRegion2 -> productCallsForTransportRegion3 -> assignedToVehicleRegion3 -> pickedUpRegion3 -> droppedOffRegion3,1
18,arrivalAtSource -> productCallsForTransportRegion1 -> assignedToVehicleRegion1 -> pickedUpRegion1 -> droppedOffRegion2 -> startProcessingRegion2 -> finishedProcessingRegion2 -> productCallsForTransportRegion3 -> assignedToVehicleRegion3 -> pickedUpRegion3 -> droppedOffRegion3,150238
18,arrivalAtSource -> productCallsForTransportRegion1 -> assignedToVehicleRegion1 -> pickedUpRegion1 -> droppedOffRegion2 -> startProcessingRegion2,1023
18,finishedProcessingRegion2 -> productCallsForTransportRegion3 -> assignedToVehicleRegion3 -> pickedUpRegion3 -> droppedOffRegion3,1010
18,droppedOffRegion3,105
18,arrivalAtSource -> productCallsForTransportRegion1 -> assignedToVehicleRegion1 -> pickedUpRegion1,86
18,arrivalAtSource -> productCallsForTransportRegion1 -> assignedToVehicleRegion1 -> pickedUpRegion1 -> droppedOffRegion2 -> startProcessingRegion2 -> finishedProcessingRegion2 -> productCallsForTransportRegion3 -> assignedToVehicleRegion3 -> pickedUpRegion3,83
18,droppedOffRegion2 -> startProcessingRegion2 -> finishedProcessingRegion2 -> productCallsForTransportRegion3 -> assignedToVehicleRegion3 -> pickedUpRegion3 -> droppedOffRegion3,61
18,pickedUpRegion3 -> droppedOffRegion3,46
18,arrivalAtSource -> productCallsForTransportRegion1 -> assignedToVehicleRegion1 -> pickedUpRegion1 -> droppedOffRegion2 -> startProcessingRegion2 -> finishedProcessingRegion2 -> productCallsForTransportRegion3 -> assignedToVehicleRegion3,35
18,pickedUpRegion1 -> droppedOffRegion2 -> startProcessingRegion2 -> finishedProcessingRegion2 -> productCallsForTransportRegion3 -> assignedToVehicleRegion3 -> pickedUpRegion3 -> droppedOffRegion3,27
18,arrivalAtSource -> productCallsForTransportRegion1 -> assignedToVehicleRegion1,23
18,assignedToVehicleRegion3 -> pickedUpRegion3 -> droppedOffRegion3,7
18,arrivalAtSource -> productCallsForTransportRegion1 -> assignedToVehicleRegion1 -> pickedUpRegion1 -> droppedOffRegion2 -> startProcessingRegion2 -> finishedProcessingRegion2 -> productCallsForTransportRegion3,4
18,arrivalAtSource -> productCallsForTransportRegion1,1
18,assignedToVehicleRegion1 -> pickedUpRegion1 -> droppedOffRegion2 -> startProcessingRegion2 -> finishedProcessingRegion2 -> productCallsForTransportRegion3 -> assignedToVehicleRegion3 -> pickedUpRegion3 -> droppedOffRegion3,1
19,arrivalAtSource -> productCallsForTransportRegion1 -> assignedToVehicleRegion1 -> pickedUpRegion1 -> droppedOffRegion2 -> startProcessingRegion2 -> finishedProcessingRegion2 -> productCallsForTransportRegion3 -> assignedToVehicleRegion3 -> pickedUpRegion3 -> droppedOffRegion3,149739
19,arrivalAtSource -> productCallsForTransportRegion1 -> assignedToVehicleRegion1 -> pickedUpRegion1 -> droppedOffRegion2 -> startProcessingRegion2,1040
19,finishedProcessingRegion2 -> productCallsForTransportRegion3 -> assignedToVehicleRegion3 -> pickedUpRegion3 -> droppedOffRegion3,1039
19,arrivalAtSource -> productCallsForTransportRegion1 -> assignedToVehicleRegion1 -> pickedUpRegion1 -> droppedOffRegion2 -> startProcessingRegion2 -> finishedProcessingRegion2 -> productCallsForTransportRegion3,223
19,arrivalAtSource -> productCallsForTransportRegion1 -> assignedToVehicleRegion1 -> pickedUpRegion1 -> droppedOffRegion2 -> startProcessingRegion2 -> finishedProcessingRegion2 -> productCallsForTransportRegion3 -> assignedToVehicleRegion3 -> pickedUpRegion3,156
19,droppedOffRegion3,156
19,pickedUpRegion1 -> droppedOffRegion2 -> startProcessingRegion2 -> finishedProcessingRegion2 -> productCallsForTransportRegion3 -> assignedToVehicleRegion3 -> pickedUpRegion3 -> droppedOffRegion3,147
19,assignedToVehicleRegion3 -> pickedUpRegion3 -> droppedOffRegion3,139
19,arrivalAtSource -> productCallsForTransportRegion1 -> assignedToVehicleRegion1 -> pickedUpRegion1 -> droppedOffRegion2 -> startProcessingRegion2 -> finishedProcessingRegion2 -> productCallsForTransportRegion3 -> assignedToVehicleRegion3,123
19,pickedUpRegion3 -> droppedOffRegion3,116
19,arrivalAtSource -> productCallsForTransportRegion1 -> assignedToVehicleRegion1,103
19,arrivalAtSource -> productCallsForTransportRegion1 -> assignedToVehicleRegion1 -> pickedUpRegion1,94
19,droppedOffRegion2 -> startProcessingRegion2 -> finishedProcessingRegion2 -> productCallsForTransportRegion3 -> assignedToVehicleRegion3 -> pickedUpRegion3 -> droppedOffRegion3,32
19,arrivalAtSource -> productCallsForTransportRegion1,9
19,assignedToVehicleRegion1 -> pickedUpRegion1 -> droppedOffRegion2 -> startProcessingRegion2 -> finishedProcessingRegion2 -> productCallsForTransportRegion3 -> assignedToVehicleRegion3 -> pickedUpRegion3 -> droppedOffRegion3,7
19,arrivalAtSource -> productCallsForTransportRegion1 -> productDisposed,6
20,arrivalAtSource -> productCallsForTransportRegion1 -> assignedToVehicleRegion1 -> pickedUpRegion1 -> droppedOffRegion2 -> startProcessingRegion2 -> finishedProcessingRegion2 -> productCallsForTransportRegion3 -> assignedToVehicleRegion3 -> pickedUpRegion3 -> droppedOffRegion3,149747
20,finishedProcessingRegion2 -> productCallsForTransportRegion3 -> assignedToVehicleRegion3 -> pickedUpRegion3 -> droppedOffRegion3,1034
20,arrivalAtSource -> productCallsForTransportRegion1 -> assignedToVehicleRegion1 -> pickedUpRegion1 -> droppedOffRegion2 -> startProcessingRegion2,1005
20,arrivalAtSource -> productCallsForTransportRegion1 -> assignedToVehicleRegion1 -> pickedUpRegion1 -> droppedOffRegion2 -> startProcessingRegion2 -> finishedProcessingRegion2 -> productCallsForTransportRegion3,218
20,arrivalAtSource -> productCallsForTransportRegion1 -> assignedToVehicleRegion1 -> pickedUpRegion1 -> droppedOffRegion2 -> startProcessingRegion2 -> finishedProcessingRegion2 -> productCallsForTransportRegion3 -> assignedToVehicleRegion3,166
20,arrivalAtSource -> productCallsForTransportRegion1 -> assignedToVehicleRegion1 -> pickedUpRegion1,148
20,pickedUpRegion3 -> droppedOffRegion3,146
20,assignedToVehicleRegion3 -> pickedUpRegion3 -> droppedOffRegion3,124
20,droppedOffRegion3,119
20,arrivalAtSource -> productCallsForTransportRegion1 -> assignedToVehicleRegion1 -> pickedUpRegion1 -> droppedOffRegion2 -> startProcessingRegion2 -> finishedProcessingRegion2 -> productCallsForTransportRegion3 -> assignedToVehicleRegion3 -> pickedUpRegion3,118
20,pickedUpRegion1 -> droppedOffRegion2 -> startProcessingRegion2 -> finishedProcessingRegion2 -> productCallsForTransportRegion3 -> assignedToVehicleRegion3 -> pickedUpRegion3 -> droppedOffRegion3,99
20,droppedOffRegion2 -> startProcessingRegion2 -> finishedProcessingRegion2 -> productCallsForTransportRegion3 -> assignedToVehicleRegion3 -> pickedUpRegion3 -> droppedOffRegion3,94
20,arrivalAtSource -> productCallsForTransportRegion1 -> assignedToVehicleRegion1,54
20,arrivalAtSource -> productCallsForTransportRegion1,29
20,assignedToVehicleRegion1 -> pickedUpRegion1 -> droppedOffRegion2 -> startProcessingRegion2 -> finishedProcessingRegion2 -> productCallsForTransportRegion3 -> assignedToVehicleRegion3 -> pickedUpRegion3 -> droppedOffRegion3,20
20,arrivalAtSource -> productCallsForTransportRegion1 -> productDisposed,8
21,arrivalAtSource -> productCallsForTransportRegion1 -> assignedToVehicleRegion1 -> pickedUpRegion1 -> droppedOffRegion2 -> startProcessingRegion2 -> finishedProcessingRegion2 -> productCallsForTransportRegion3 -> assignedToVehicleRegion3 -> pickedUpRegion3 -> droppedOffRegion3,149783
21,arrivalAtSource -> productCallsForTransportRegion1 -> assignedToVehicleRegion1 -> pickedUpRegion1 -> droppedOffRegion2 -> startProcessingRegion2,1036
21,finishedProcessingRegion2 -> productCallsForTransportRegion3 -> assignedToVehicleRegion3 -> pickedUpRegion3 -> droppedOffRegion3,1024
21,arrivalAtSource -> productCallsForTransportRegion1 -> assignedToVehicleRegion1 -> pickedUpRegion1 -> droppedOffRegion2 -> startProcessingRegion2 -> finishedProcessingRegion2 -> productCallsForTransportRegion3,216
21,arrivalAtSource -> productCallsForTransportRegion1 -> assignedToVehicleRegion1 -> pickedUpRegion1 -> droppedOffRegion2 -> startProcessingRegion2 -> finishedProcessingRegion2 -> productCallsForTransportRegion3 -> assignedToVehicleRegion3 -> pickedUpRegion3,174
21,droppedOffRegion3,164
21,assignedToVehicleRegion3 -> pickedUpRegion3 -> droppedOffRegion3,124
21,arrivalAtSource -> productCallsForTransportRegion1 -> assignedToVehicleRegion1 -> pickedUpRegion1,110
21,arrivalAtSource -> productCallsForTransportRegion1 -> assignedToVehicleRegion1 -> pickedUpRegion1 -> droppedOffRegion2 -> startProcessingRegion2 -> finishedProcessingRegion2 -> productCallsForTransportRegion3 -> assignedToVehicleRegion3,102
21,pickedUpRegion1 -> droppedOffRegion2 -> startProcessingRegion2 -> finishedProcessingRegion2 -> productCallsForTransportRegion3 -> assignedToVehicleRegion3 -> pickedUpRegion3 -> droppedOffRegion3,95
21,pickedUpRegion3 -> droppedOffRegion3,95
21,droppedOffRegion2 -> startProcessingRegion2 -> finishedProcessingRegion2 -> productCallsForTransportRegion3 -> assignedToVehicleRegion3 -> pickedUpRegion3 -> droppedOffRegion3,79
21,arrivalAtSource -> productCallsForTransportRegion1 -> assignedToVehicleRegion1,57
21,arrivalAtSource -> productCallsForTransportRegion1,10
21,assignedToVehicleRegion1 -> pickedUpRegion1 -> droppedOffRegion2 -> startProcessingRegion2 -> finishedProcessingRegion2 -> productCallsForTransportRegion3 -> assignedToVehicleRegion3 -> pickedUpRegion3 -> droppedOffRegion3,9
21,arrivalAtSource -> productCallsForTransportRegion1 -> productDisposed,5
22,arrivalAtSource -> productCallsForTransportRegion1 -> assignedToVehicleRegion1 -> pickedUpRegion1 -> droppedOffRegion2 -> startProcessingRegion2 -> finishedProcessingRegion2 -> productCallsForTransportRegion3 -> assignedToVehicleRegion3 -> pickedUpRegion3 -> droppedOffRegion3,125867
22,arrivalAtSource -> productCallsForTransportRegion1 -> assignedToVehicleRegion1 -> pickedUpRegion1 -> droppedOffRegion2 -> startProcessingRegion2 -> finishedProcessingRegion2 -> productCallsForTransportRegion3,13691
22,arrivalAtSource -> productCallsForTransportRegion1 -> productDisposed,10171
22,assignedToVehicleRegion3 -> pickedUpRegion3 -> droppedOffRegion3,2325
22,arrivalAtSource -> productCallsForTransportRegion1 -> assignedToVehicleRegion1 -> pickedUpRegion1 -> droppedOffRegion2 -> startProcessingRegion2,981
22,finishedProcessingRegion2 -> productCallsForTransportRegion3 -> assignedToVehicleRegion3 -> pickedUpRegion3 -> droppedOffRegion3,953
22,arrivalAtSource -> productCallsForTransportRegion1,409
22,assignedToVehicleRegion1 -> pickedUpRegion1 -> droppedOffRegion2 -> startProcessingRegion2 -> finishedProcessingRegion2 -> productCallsForTransportRegion3 -> assignedToVehicleRegion3 -> pickedUpRegion3 -> droppedOffRegion3,302
22,pickedUpRegion1 -> droppedOffRegion2 -> startProcessingRegion2 -> finishedProcessingRegion2 -> productCallsForTransportRegion3 -> assignedToVehicleRegion3 -> pickedUpRegion3 -> droppedOffRegion3,187
22,arrivalAtSource -> productCallsForTransportRegion1 -> assignedToVehicleRegion1,179
22,droppedOffRegion3,113
22,pickedUpRegion3 -> droppedOffRegion3,111
22,arrivalAtSource -> productCallsForTransportRegion1 -> assignedToVehicleRegion1 -> pickedUpRegion1 -> droppedOffRegion2 -> startProcessingRegion2 -> finishedProcessingRegion2 -> productCallsForTransportRegion3 -> assignedToVehicleRegion3 -> pickedUpRegion3,97
22,arrivalAtSource -> productCallsForTransportRegion1 -> assignedToVehicleRegion1 -> pickedUpRegion1 -> droppedOffRegion2 -> startProcessingRegion2 -> finishedProcessingRegion2 -> productCallsForTransportRegion3 -> assignedToVehicleRegion3,90
22,productDisposed,43
22,droppedOffRegion2 -> startProcessingRegion2 -> finishedProcessingRegion2 -> productCallsForTransportRegion3 -> assignedToVehicleRegion3 -> pickedUpRegion3 -> droppedOffRegion3,10
22,arrivalAtSource -> productCallsForTransportRegion1 -> assignedToVehicleRegion1 -> pickedUpRegion1,8
23,arrivalAtSource -> productCallsForTransportRegion1 -> assignedToVehicleRegion1 -> pickedUpRegion1 -> droppedOffRegion2 -> startProcessingRegion2 -> finishedProcessingRegion2 -> productCallsForTransportRegion3 -> assignedToVehicleRegion3 -> pickedUpRegion3 -> droppedOffRegion3,132224
23,arrivalAtSource -> productCallsForTransportRegion1 -> assignedToVehicleRegion1 -> pickedUpRegion1 -> droppedOffRegion2 -> startProcessingRegion2 -> finishedProcessingRegion2 -> productCallsForTransportRegion3,10378
23,arrivalAtSource -> productCallsForTransportRegion1 -> productDisposed,7200
23,assignedToVehicleRegion3 -> pickedUpRegion3 -> droppedOffRegion3,1722
23,arrivalAtSource -> productCallsForTransportRegion1 -> assignedToVehicleRegion1 -> pickedUpRegion1 -> droppedOffRegion2 -> startProcessingRegion2,999
23,finishedProcessingRegion2 -> productCallsForTransportRegion3 -> assignedToVehicleRegion3 -> pickedUpRegion3 -> droppedOffRegion3,969
23,arrivalAtSource -> productCallsForTransportRegion1,295
23,assignedToVehicleRegion1 -> pickedUpRegion1 -> droppedOffRegion2 -> startProcessingRegion2 -> finishedProcessingRegion2 -> productCallsForTransportRegion3 -> assignedToVehicleRegion3 -> pickedUpRegion3 -> droppedOffRegion3,258
23,pickedUpRegion1 -> droppedOffRegion2 -> startProcessingRegion2 -> finishedProcessingRegion2 -> productCallsForTransportRegion3 -> assignedToVehicleRegion3 -> pickedUpRegion3 -> droppedOffRegion3,177
23,arrivalAtSource -> productCallsForTransportRegion1 -> assignedToVehicleRegion1,162
23,droppedOffRegion3,154
23,arrivalAtSource -> productCallsForTransportRegion1 -> assignedToVehicleRegion1 -> pickedUpRegion1 -> droppedOffRegion2 -> startProcessingRegion2 -> finishedProcessingRegion2 -> productCallsForTransportRegion3 -> assignedToVehicleRegion3 -> pickedUpRegion3,131
23,pickedUpRegion3 -> droppedOffRegion3,84
23,arrivalAtSource -> productCallsForTransportRegion1 -> assignedToVehicleRegion1 -> pickedUpRegion1 -> droppedOffRegion2 -> startProcessingRegion2 -> finishedProcessingRegion2 -> productCallsForTransportRegion3 -> assignedToVehicleRegion3,74
23,productDisposed,43
23,arrivalAtSource -> productCallsForTransportRegion1 -> assignedToVehicleRegion1 -> pickedUpRegion1,30
23,droppedOffRegion2 -> startProcessingRegion2 -> finishedProcessingRegion2 -> productCallsForTransportRegion3 -> assignedToVehicleRegion3 -> pickedUpRegion3 -> droppedOffRegion3,12
24,arrivalAtSource -> productCallsForTransportRegion1 -> assignedToVehicleRegion1 -> pickedUpRegion1 -> droppedOffRegion2 -> startProcessingRegion2 -> finishedProcessingRegion2 -> productCallsForTransportRegion3 -> assignedToVehicleRegion3 -> pickedUpRegion3 -> droppedOffRegion3,126052
24,arrivalAtSource -> productCallsForTransportRegion1 -> assignedToVehicleRegion1 -> pickedUpRegion1 -> droppedOffRegion2 -> startProcessingRegion2 -> finishedProcessingRegion2 -> productCallsForTransportRegion3,16216
24,arrivalAtSource -> productCallsForTransportRegion1 -> productDisposed,7798
24,arrivalAtSource -> productCallsForTransportRegion1 -> assignedToVehicleRegion1 -> pickedUpRegion1 -> droppedOffRegion2 -> startProcessingRegion2,971
24,finishedProcessingRegion2 -> productCallsForTransportRegion3 -> assignedToVehicleRegion3 -> pickedUpRegion3 -> droppedOffRegion3,865
24,droppedOffRegion3,132
24,arrivalAtSource -> productCallsForTransportRegion1 -> assignedToVehicleRegion1 -> pickedUpRegion1,130
24,arrivalAtSource -> productCallsForTransportRegion1 -> assignedToVehicleRegion1 -> pickedUpRegion1 -> droppedOffRegion2 -> startProcessingRegion2 -> finishedProcessingRegion2 -> productCallsForTransportRegion3 -> assignedToVehicleRegion3 -> pickedUpRegion3,111
24,pickedUpRegion1 -> droppedOffRegion2 -> startProcessingRegion2 -> finishedProcessingRegion2 -> productCallsForTransportRegion3 -> assignedToVehicleRegion3 -> pickedUpRegion3 -> droppedOffRegion3,105
24,assignedToVehicleRegion3 -> pickedUpRegion3 -> droppedOffRegion3,95
24,pickedUpRegion3 -> droppedOffRegion3,88
24,arrivalAtSource -> productCallsForTransportRegion1 -> assignedToVehicleRegion1 -> pickedUpRegion1 -> droppedOffRegion2 -> startProcessingRegion2 -> finishedProcessingRegion2 -> productCallsForTransportRegion3 -> assignedToVehicleRegion3,87
24,finishedProcessingRegion2 -> productCallsForTransportRegion3,86
24,arrivalAtSource -> productCallsForTransportRegion1,76
24,arrivalAtSource -> productCallsForTransportRegion1 -> assignedToVehicleRegion1,52
24,productDisposed,43
24,droppedOffRegion2 -> startProcessingRegion2 -> finishedProcessingRegion2 -> productCallsForTransportRegion3 -> assignedToVehicleRegion3 -> pickedUpRegion3 -> droppedOffRegion3,38
24,assignedToVehicleRegion1 -> pickedUpRegion1 -> droppedOffRegion2 -> startProcessingRegion2 -> finishedProcessingRegion2 -> productCallsForTransportRegion3 -> assignedToVehicleRegion3 -> pickedUpRegion3 -> droppedOffRegion3,26
24,pickedUpRegion1 -> droppedOffRegion2 -> startProcessingRegion2 -> finishedProcessingRegion2 -> productCallsForTransportRegion3,12
24,droppedOffRegion2 -> startProcessingRegion2 -> finishedProcessingRegion2 -> productCallsForTransportRegion3,7
25,arrivalAtSource -> productCallsForTransportRegion1 -> assignedToVehicleRegion1 -> pickedUpRegion1 -> droppedOffRegion2 -> startProcessingRegion2 -> finishedProcessingRegion2 -> productCallsForTransportRegion3 -> assignedToVehicleRegion3 -> pickedUpRegion3 -> droppedOffRegion3,134974
25,arrivalAtSource -> productCallsForTransportRegion1 -> assignedToVehicleRegion1 -> pickedUpRegion1 -> droppedOffRegion2 -> startProcessingRegion2 -> finishedProcessingRegion2 -> productCallsForTransportRegion3,13410
25,arrivalAtSource -> productCallsForTransportRegion1 -> productDisposed,1668
25,arrivalAtSource -> productCallsForTransportRegion1 -> assignedToVehicleRegion1 -> pickedUpRegion1 -> droppedOffRegion2 -> startProcessingRegion2,1047
25,finishedProcessingRegion2 -> productCallsForTransportRegion3 -> assignedToVehicleRegion3 -> pickedUpRegion3 -> droppedOffRegion3,904
25,droppedOffRegion3,150
25,arrivalAtSource -> productCallsForTransportRegion1 -> assignedToVehicleRegion1 -> pickedUpRegion1 -> droppedOffRegion2 -> startProcessingRegion2 -> finishedProcessingRegion2 -> productCallsForTransportRegion3 -> assignedToVehicleRegion3 -> pickedUpRegion3,133
25,arrivalAtSource -> productCallsForTransportRegion1 -> assignedToVehicleRegion1 -> pickedUpRegion1,116
25,pickedUpRegion1 -> droppedOffRegion2 -> startProcessingRegion2 -> finishedProcessingRegion2 -> productCallsForTransportRegion3 -> assignedToVehicleRegion3 -> pickedUpRegion3 -> droppedOffRegion3,106
25,assignedToVehicleRegion3 -> pickedUpRegion3 -> droppedOffRegion3,102
25,pickedUpRegion3 -> droppedOffRegion3,78
25,arrivalAtSource -> productCallsForTransportRegion1 -> assignedToVehicleRegion1 -> pickedUpRegion1 -> droppedOffRegion2 -> startProcessingRegion2 -> finishedProcessingRegion2 -> productCallsForTransportRegion3 -> assignedToVehicleRegion3,77
25,finishedProcessingRegion2 -> productCallsForTransportRegion3,64
25,arrivalAtSource -> productCallsForTransportRegion1 -> assignedToVehicleRegion1,58
25,droppedOffRegion2 -> startProcessingRegion2 -> finishedProcessingRegion2 -> productCallsForTransportRegion3 -> assignedToVehicleRegion3 -> pickedUpRegion3 -> droppedOffRegion3,43
25,productDisposed,21
25,assignedToVehicleRegion1 -> pickedUpRegion1 -> droppedOffRegion2 -> startProcessingRegion2 -> finishedProcessingRegion2 -> productCallsForTransportRegion3 -> assignedToVehicleRegion3 -> pickedUpRegion3 -> droppedOffRegion3,20
25,arrivalAtSource -> productCallsForTransportRegion1,10
25,pickedUpRegion1 -> droppedOffRegion2 -> startProcessingRegion2 -> finishedProcessingRegion2 -> productCallsForTransportRegion3,8
25,droppedOffRegion2 -> startProcessingRegion2 -> finishedProcessingRegion2 -> productCallsForTransportRegion3,3
26,arrivalAtSource -> productCallsForTransportRegion1 -> assignedToVehicleRegion1 -> pickedUpRegion1 -> droppedOffRegion2 -> startProcessingRegion2 -> finishedProcessingRegion2 -> productCallsForTransportRegion3 -> assignedToVehicleRegion3 -> pickedUpRegion3 -> droppedOffRegion3,129142
26,arrivalAtSource -> productCallsForTransportRegion1 -> assignedToVehicleRegion1 -> pickedUpRegion1 -> droppedOffRegion2 -> startProcessingRegion2 -> finishedProcessingRegion2 -> productCallsForTransportRegion3,10691
26,arrivalAtSource -> productCallsForTransportRegion1 -> productDisposed,9900
26,assignedToVehicleRegion3 -> pickedUpRegion3 -> droppedOffRegion3,1764
26,arrivalAtSource -> productCallsForTransportRegion1 -> assignedToVehicleRegion1 -> pickedUpRegion1 -> droppedOffRegion2 -> startProcessingRegion2,1002
26,finishedProcessingRegion2 -> productCallsForTransportRegion3 -> assignedToVehicleRegion3 -> pickedUpRegion3 -> droppedOffRegion3,947
26,arrivalAtSource -> productCallsForTransportRegion1,335
26,assignedToVehicleRegion1 -> pickedUpRegion1 -> droppedOffRegion2 -> startProcessingRegion2 -> finishedProcessingRegion2 -> productCallsForTransportRegion3 -> assignedToVehicleRegion3 -> pickedUpRegion3 -> droppedOffRegion3,316
26,pickedUpRegion1 -> droppedOffRegion2 -> startProcessingRegion2 -> finishedProcessingRegion2 -> productCallsForTransportRegion3 -> assignedToVehicleRegion3 -> pickedUpRegion3 -> droppedOffRegion3,196
26,arrivalAtSource -> productCallsForTransportRegion1 -> assignedToVehicleRegion1,191
26,droppedOffRegion3,171
26,arrivalAtSource -> productCallsForTransportRegion1 -> assignedToVehicleRegion1 -> pickedUpRegion1 -> droppedOffRegion2 -> startProcessingRegion2 -> finishedProcessingRegion2 -> productCallsForTransportRegion3 -> assignedToVehicleRegion3 -> pickedUpRegion3,154
26,pickedUpRegion3 -> droppedOffRegion3,75
26,arrivalAtSource -> productCallsForTransportRegion1 -> assignedToVehicleRegion1 -> pickedUpRegion1 -> droppedOffRegion2 -> startProcessingRegion2 -> finishedProcessingRegion2 -> productCallsForTransportRegion3 -> assignedToVehicleRegion3,69
26,productDisposed,32
26,arrivalAtSource -> productCallsForTransportRegion1 -> assignedToVehicleRegion1 -> pickedUpRegion1,9
26,droppedOffRegion2 -> startProcessingRegion2 -> finishedProcessingRegion2 -> productCallsForTransportRegion3 -> assignedToVehicleRegion3 -> pickedUpRegion3 -> droppedOffRegion3,3
27,arrivalAtSource -> productCallsForTransportRegion1 -> assignedToVehicleRegion1 -> pickedUpRegion1 -> droppedOffRegion2 -> startProcessingRegion2 -> finishedProcessingRegion2 -> productCallsForTransportRegion3 -> assignedToVehicleRegion3 -> pickedUpRegion3 -> droppedOffRegion3,129640
27,arrivalAtSource -> productCallsForTransportRegion1 -> assignedToVehicleRegion1 -> pickedUpRegion1 -> droppedOffRegion2 -> startProcessingRegion2 -> finishedProcessingRegion2 -> productCallsForTransportRegion3,15275
27,arrivalAtSource -> productCallsForTransportRegion1 -> productDisposed,5145
27,arrivalAtSource -> productCallsForTransportRegion1 -> assignedToVehicleRegion1 -> pickedUpRegion1 -> droppedOffRegion2 -> startProcessingRegion2,992
27,finishedProcessingRegion2 -> productCallsForTransportRegion3 -> assignedToVehicleRegion3 -> pickedUpRegion3 -> droppedOffRegion3,915
27,pickedUpRegion1 -> droppedOffRegion2 -> startProcessingRegion2 -> finishedProcessingRegion2 -> productCallsForTransportRegion3 -> assignedToVehicleRegion3 -> pickedUpRegion3 -> droppedOffRegion3,139
27,arrivalAtSource -> productCallsForTransportRegion1 -> assignedToVehicleRegion1 -> pickedUpRegion1,129
27,assignedToVehicleRegion3 -> pickedUpRegion3 -> droppedOffRegion3,122
27,droppedOffRegion3,116
27,arrivalAtSource -> productCallsForTransportRegion1 -> assignedToVehicleRegion1 -> pickedUpRegion1 -> droppedOffRegion2 -> startProcessingRegion2 -> finishedProcessingRegion2 -> productCallsForTransportRegion3 -> assignedToVehicleRegion3 -> pickedUpRegion3,105
27,arrivalAtSource -> productCallsForTransportRegion1 -> assignedToVehicleRegion1 -> pickedUpRegion1 -> droppedOffRegion2 -> startProcessingRegion2 -> finishedProcessingRegion2 -> productCallsForTransportRegion3 -> assignedToVehicleRegion3,92
27,pickedUpRegion3 -> droppedOffRegion3,91
27,finishedProcessingRegion2 -> productCallsForTransportRegion3,75
27,arrivalAtSource -> productCallsForTransportRegion1 -> assignedToVehicleRegion1,59
27,arrivalAtSource -> productCallsForTransportRegion1,56
27,droppedOffRegion2 -> startProcessingRegion2 -> finishedProcessingRegion2 -> productCallsForTransportRegion3 -> assignedToVehicleRegion3 -> pickedUpRegion3 -> droppedOffRegion3,21
27,productDisposed,21
27,assignedToVehicleRegion1 -> pickedUpRegion1 -> droppedOffRegion2 -> startProcessingRegion2 -> finishedProcessingRegion2 -> productCallsForTransportRegion3 -> assignedToVehicleRegion3 -> pickedUpRegion3 -> droppedOffRegion3,19
27,pickedUpRegion1 -> droppedOffRegion2 -> startProcessingRegion2 -> finishedProcessingRegion2 -> productCallsForTransportRegion3,11
27,assignedToVehicleRegion1 -> pickedUpRegion1 -> droppedOffRegion2 -> startProcessingRegion2 -> finishedProcessingRegion2 -> productCallsForTransportRegion3,1
